insert into university_db."Courses" (faculty, year_of_graduation)
values ('ФОПФ', 2021);
insert into university_db."Courses" (faculty, year_of_graduation)
values ('ФОПФ', 2022);
insert into university_db."Courses" (faculty, year_of_graduation)
values ('ФОПФ', 2023);
insert into university_db."Courses" (faculty, year_of_graduation)
values ('ФИВТ', 2021);
insert into university_db."Courses" (faculty, year_of_graduation)
values ('ФИВТ', 2022);
insert into university_db."Courses" (faculty, year_of_graduation)
values ('ФИВТ', 2023);
insert into university_db."Courses" (faculty, year_of_graduation)
values ('ФУПМ', 2021);
insert into university_db."Courses" (faculty, year_of_graduation)
values ('ФУПМ', 2022);
insert into university_db."Courses" (faculty, year_of_graduation)
values ('ФУПМ', 2023);
insert into university_db."Courses" (faculty, year_of_graduation)
values ('ФРТК', 2021);
insert into university_db."Courses" (faculty, year_of_graduation)
values ('ФРТК', 2022);
insert into university_db."Courses" (faculty, year_of_graduation)
values ('ФРТК', 2023);
insert into university_db."Courses" (faculty, year_of_graduation)
values ('ФПФЭ', 2021);
insert into university_db."Courses" (faculty, year_of_graduation)
values ('ФПФЭ', 2022);
insert into university_db."Courses" (faculty, year_of_graduation)
values ('ФПФЭ', 2023);
insert into university_db."Courses" (faculty, year_of_graduation)
values ('ФФКЭ', 2021);
insert into university_db."Courses" (faculty, year_of_graduation)
values ('ФФКЭ', 2022);
insert into university_db."Courses" (faculty, year_of_graduation)
values ('ФФКЭ', 2023);
insert into university_db."Courses" (faculty, year_of_graduation)
values ('ФБМФ', 2021);
insert into university_db."Courses" (faculty, year_of_graduation)
values ('ФБМФ', 2022);
insert into university_db."Courses" (faculty, year_of_graduation)
values ('ФБМФ', 2023);


INSERT INTO university_db."Departments" (department_name, contact_email, contact_office) 
VALUES ('Кафедра общей физики', 'kalashnikov@phystech.edu', '406 ГК');
INSERT INTO university_db."Departments" (department_name, contact_email, contact_office) 
VALUES ('Кафедра теоретической физики', 'theorphys@phystech.edu', '508 ГК');
INSERT INTO university_db."Departments" (department_name, contact_email, contact_office) 
VALUES ('Кафедра алгоритмов и технологий программирования', 'atp@phystech.edu', '307 КПМ');
INSERT INTO university_db."Departments" (department_name, contact_email, contact_office) 
VALUES ('Кафедра высшей математики', 'givanov@mail.mipt.ru', '437 ГК');
INSERT INTO university_db."Departments" (department_name, contact_email, contact_office) 
VALUES ('Кафедра дискретной математики', 'dm@phystech.edu', '403 КПМ');
INSERT INTO university_db."Departments" (department_name, contact_email, contact_office) 
VALUES ('Кафедра теоретической механики', 'sokolovsv72@mail.ru', '423 ГК');
INSERT INTO university_db."Departments" (department_name, contact_email, contact_office) 
VALUES ('Департамент физической культуры и спорта', 'sport.mipt@gmail.com', 'СК бассейн');


INSERT INTO university_db."Disciplines" (discipline_name, academic_hours, control_form, department_name) 
VALUES ('Общая физика: механика', 60, 'Экзамен', 'Кафедра общей физики');
INSERT INTO university_db."Disciplines" (discipline_name, academic_hours, control_form, department_name) 
VALUES ('Общая физика: термодинамика и молекулярная физика', 60, 'Экзамен', 'Кафедра общей физики');
INSERT INTO university_db."Disciplines" (discipline_name, academic_hours, control_form, department_name) 
VALUES ('Общая физика: оптика', 60, 'Экзамен', 'Кафедра общей физики');
INSERT INTO university_db."Disciplines" (discipline_name, academic_hours, control_form, department_name) 
VALUES ('Общая физика: электричество и магнетизм', 90, 'Экзамен', 'Кафедра общей физики');
INSERT INTO university_db."Disciplines" (discipline_name, academic_hours, control_form, department_name) 
VALUES ('Общая физика: квантовая микрофизика', 60, 'Дифференцированный зачет', 'Кафедра общей физики');
INSERT INTO university_db."Disciplines" (discipline_name, academic_hours, control_form, department_name) 
VALUES ('Введение в математический анализ', 120, 'Экзамен', 'Кафедра высшей математики');
INSERT INTO university_db."Disciplines" (discipline_name, academic_hours, control_form, department_name) 
VALUES ('Многомерный анализ, интегралы и ряды', 120, 'Экзамен', 'Кафедра высшей математики');
INSERT INTO university_db."Disciplines" (discipline_name, academic_hours, control_form, department_name) 
VALUES ('Кратные интегралы и теория поля', 60, 'Экзамен', 'Кафедра высшей математики');
INSERT INTO university_db."Disciplines" (discipline_name, academic_hours, control_form, department_name) 
VALUES ('Гармонический анализ', 60, 'Экзамен', 'Кафедра высшей математики');
INSERT INTO university_db."Disciplines" (discipline_name, academic_hours, control_form, department_name) 
VALUES ('Аналитическая геометрия', 60, 'Экзамен', 'Кафедра высшей математики');
INSERT INTO university_db."Disciplines" (discipline_name, academic_hours, control_form, department_name) 
VALUES ('Линейная алгебра', 60, 'Экзамен', 'Кафедра высшей математики');
INSERT INTO university_db."Disciplines" (discipline_name, academic_hours, control_form, department_name) 
VALUES ('Дифференциальные уравнения', 120, 'Экзамен', 'Кафедра высшей математики');
INSERT INTO university_db."Disciplines" (discipline_name, academic_hours, control_form, department_name) 
VALUES ('Теория функций комплексного переменного', 75, 'Экзамен', 'Кафедра высшей математики');
INSERT INTO university_db."Disciplines" (discipline_name, academic_hours, control_form, department_name) 
VALUES ('Аналитическая механика', 60, 'Экзамен', 'Кафедра теоретической физики');
INSERT INTO university_db."Disciplines" (discipline_name, academic_hours, control_form, department_name) 
VALUES ('Теория поля', 60, 'Экзамен', 'Кафедра теоретической физики');
INSERT INTO university_db."Disciplines" (discipline_name, academic_hours, control_form, department_name) 
VALUES ('Квантовая механика', 60, 'Экзамен', 'Кафедра теоретической физики');
INSERT INTO university_db."Disciplines" (discipline_name, academic_hours, control_form, department_name) 
VALUES ('Математическая логика', 120, 'Экзамен', 'Кафедра дискретной математики');
INSERT INTO university_db."Disciplines" (discipline_name, academic_hours, control_form, department_name) 
VALUES ('Основы вероятности и теория меры', 60, 'Экзамен', 'Кафедра дискретной математики');
INSERT INTO university_db."Disciplines" (discipline_name, academic_hours, control_form, department_name) 
VALUES ('Теория вероятностей', 60, 'Экзамен', 'Кафедра дискретной математики');
INSERT INTO university_db."Disciplines" (discipline_name, academic_hours, control_form, department_name) 
VALUES ('Математическая статистика', 60, 'Экзамен', 'Кафедра дискретной математики');
INSERT INTO university_db."Disciplines" (discipline_name, academic_hours, control_form, department_name) 
VALUES ('Практика по математической статистике на PYTHON', 60, 'Дифференцированный зачет', 'Кафедра дискретной математики');
INSERT INTO university_db."Disciplines" (discipline_name, academic_hours, control_form, department_name) 
VALUES ('Методы оптимизации', 60, 'Дифференцированный зачет', 'Кафедра дискретной математики');
INSERT INTO university_db."Disciplines" (discipline_name, academic_hours, control_form, department_name) 
VALUES ('Дискретные структуры', 120, 'Дифференцированный зачет', 'Кафедра дискретной математики');
INSERT INTO university_db."Disciplines" (discipline_name, academic_hours, control_form, department_name) 
VALUES ('Машинное обучение', 60, 'Экзамен', 'Кафедра дискретной математики');
INSERT INTO university_db."Disciplines" (discipline_name, academic_hours, control_form, department_name) 
VALUES ('Базы данных', 60, 'Экзамен', 'Кафедра алгоритмов и технологий программирования');
INSERT INTO university_db."Disciplines" (discipline_name, academic_hours, control_form, department_name) 
VALUES ('Алгоритмы и структуры данных', 90, 'Экзамен', 'Кафедра алгоритмов и технологий программирования');
INSERT INTO university_db."Disciplines" (discipline_name, academic_hours, control_form, department_name) 
VALUES ('Архитектура компьютеров и операционные системы ', 60, 'Экзамен', 'Кафедра алгоритмов и технологий программирования');


insert into university_db."Groups" (group_id, course_id)
values (720, 2);
insert into university_db."Groups" (group_id, course_id)
values (721, 2);
insert into university_db."Groups" (group_id, course_id)
values (722, 2);
insert into university_db."Groups" (group_id, course_id)
values (723, 2);
insert into university_db."Groups" (group_id, course_id)
values (724, 2);
insert into university_db."Groups" (group_id, course_id)
values (725, 2);
insert into university_db."Groups" (group_id, course_id)
values (726, 2);
insert into university_db."Groups" (group_id, course_id)
values (727, 2);
insert into university_db."Groups" (group_id, course_id)
values (728, 2);
insert into university_db."Groups" (group_id, course_id)
values (729, 2);

insert into university_db."Groups" (group_id, course_id)
values (820, 3);
insert into university_db."Groups" (group_id, course_id)
values (821, 3);
insert into university_db."Groups" (group_id, course_id)
values (822, 3);
insert into university_db."Groups" (group_id, course_id)
values (823, 3);
insert into university_db."Groups" (group_id, course_id)
values (824, 3);
insert into university_db."Groups" (group_id, course_id)
values (825, 3);
insert into university_db."Groups" (group_id, course_id)
values (826, 3);
insert into university_db."Groups" (group_id, course_id)
values (827, 3);
insert into university_db."Groups" (group_id, course_id)
values (828, 3);
insert into university_db."Groups" (group_id, course_id)
values (829, 3);

insert into university_db."Groups" (group_id, course_id)
values (920, 4);
insert into university_db."Groups" (group_id, course_id)
values (921, 4);
insert into university_db."Groups" (group_id, course_id)
values (922, 4);
insert into university_db."Groups" (group_id, course_id)
values (923, 4);
insert into university_db."Groups" (group_id, course_id)
values (924, 4);
insert into university_db."Groups" (group_id, course_id)
values (925, 4);
insert into university_db."Groups" (group_id, course_id)
values (926, 4);
insert into university_db."Groups" (group_id, course_id)
values (927, 4);
insert into university_db."Groups" (group_id, course_id)
values (928, 4);
insert into university_db."Groups" (group_id, course_id)
values (929, 4);

insert into university_db."Groups" (group_id, course_id)
values (710, 5);
insert into university_db."Groups" (group_id, course_id)
values (711, 5);
insert into university_db."Groups" (group_id, course_id)
values (712, 5);
insert into university_db."Groups" (group_id, course_id)
values (713, 5);
insert into university_db."Groups" (group_id, course_id)
values (714, 5);
insert into university_db."Groups" (group_id, course_id)
values (715, 5);
insert into university_db."Groups" (group_id, course_id)
values (716, 5);
insert into university_db."Groups" (group_id, course_id)
values (717, 5);
insert into university_db."Groups" (group_id, course_id)
values (718, 5);
insert into university_db."Groups" (group_id, course_id)
values (719, 5);

insert into university_db."Groups" (group_id, course_id)
values (810, 6);
insert into university_db."Groups" (group_id, course_id)
values (811, 6);
insert into university_db."Groups" (group_id, course_id)
values (812, 6);
insert into university_db."Groups" (group_id, course_id)
values (813, 6);
insert into university_db."Groups" (group_id, course_id)
values (814, 6);
insert into university_db."Groups" (group_id, course_id)
values (815, 6);
insert into university_db."Groups" (group_id, course_id)
values (816, 6);
insert into university_db."Groups" (group_id, course_id)
values (817, 6);
insert into university_db."Groups" (group_id, course_id)
values (818, 6);
insert into university_db."Groups" (group_id, course_id)
values (819, 6);

insert into university_db."Groups" (group_id, course_id)
values (910, 7);
insert into university_db."Groups" (group_id, course_id)
values (911, 7);
insert into university_db."Groups" (group_id, course_id)
values (912, 7);
insert into university_db."Groups" (group_id, course_id)
values (913, 7);
insert into university_db."Groups" (group_id, course_id)
values (914, 7);
insert into university_db."Groups" (group_id, course_id)
values (915, 7);
insert into university_db."Groups" (group_id, course_id)
values (916, 7);
insert into university_db."Groups" (group_id, course_id)
values (917, 7);
insert into university_db."Groups" (group_id, course_id)
values (918, 7);
insert into university_db."Groups" (group_id, course_id)
values (919, 7);

insert into university_db."Groups" (group_id, course_id)
values (770, 8);
insert into university_db."Groups" (group_id, course_id)
values (771, 8);
insert into university_db."Groups" (group_id, course_id)
values (772, 8);
insert into university_db."Groups" (group_id, course_id)
values (773, 8);
insert into university_db."Groups" (group_id, course_id)
values (774, 8);
insert into university_db."Groups" (group_id, course_id)
values (775, 8);
insert into university_db."Groups" (group_id, course_id)
values (776, 8);
insert into university_db."Groups" (group_id, course_id)
values (777, 8);
insert into university_db."Groups" (group_id, course_id)
values (778, 8);
insert into university_db."Groups" (group_id, course_id)
values (779, 8);

insert into university_db."Groups" (group_id, course_id)
values (870, 9);
insert into university_db."Groups" (group_id, course_id)
values (871, 9);
insert into university_db."Groups" (group_id, course_id)
values (872, 9);
insert into university_db."Groups" (group_id, course_id)
values (873, 9);
insert into university_db."Groups" (group_id, course_id)
values (874, 9);
insert into university_db."Groups" (group_id, course_id)
values (875, 9);
insert into university_db."Groups" (group_id, course_id)
values (876, 9);
insert into university_db."Groups" (group_id, course_id)
values (877, 9);
insert into university_db."Groups" (group_id, course_id)
values (878, 9);
insert into university_db."Groups" (group_id, course_id)
values (879, 9);

insert into university_db."Groups" (group_id, course_id)
values (970, 10);
insert into university_db."Groups" (group_id, course_id)
values (971, 10);
insert into university_db."Groups" (group_id, course_id)
values (972, 10);
insert into university_db."Groups" (group_id, course_id)
values (973, 10);
insert into university_db."Groups" (group_id, course_id)
values (974, 10);
insert into university_db."Groups" (group_id, course_id)
values (975, 10);
insert into university_db."Groups" (group_id, course_id)
values (976, 10);
insert into university_db."Groups" (group_id, course_id)
values (977, 10);
insert into university_db."Groups" (group_id, course_id)
values (978, 10);
insert into university_db."Groups" (group_id, course_id)
values (979, 10);

insert into university_db."Groups" (group_id, course_id)
values (730, 11);
insert into university_db."Groups" (group_id, course_id)
values (731, 11);
insert into university_db."Groups" (group_id, course_id)
values (732, 11);
insert into university_db."Groups" (group_id, course_id)
values (733, 11);
insert into university_db."Groups" (group_id, course_id)
values (734, 11);
insert into university_db."Groups" (group_id, course_id)
values (735, 11);
insert into university_db."Groups" (group_id, course_id)
values (736, 11);
insert into university_db."Groups" (group_id, course_id)
values (737, 11);
insert into university_db."Groups" (group_id, course_id)
values (738, 11);
insert into university_db."Groups" (group_id, course_id)
values (739, 11);

insert into university_db."Groups" (group_id, course_id)
values (830, 12);
insert into university_db."Groups" (group_id, course_id)
values (831, 12);
insert into university_db."Groups" (group_id, course_id)
values (832, 12);
insert into university_db."Groups" (group_id, course_id)
values (833, 12);
insert into university_db."Groups" (group_id, course_id)
values (834, 12);
insert into university_db."Groups" (group_id, course_id)
values (835, 12);
insert into university_db."Groups" (group_id, course_id)
values (836, 12);
insert into university_db."Groups" (group_id, course_id)
values (837, 12);
insert into university_db."Groups" (group_id, course_id)
values (838, 12);
insert into university_db."Groups" (group_id, course_id)
values (839, 12);

insert into university_db."Groups" (group_id, course_id)
values (930, 13);
insert into university_db."Groups" (group_id, course_id)
values (931, 13);
insert into university_db."Groups" (group_id, course_id)
values (932, 13);
insert into university_db."Groups" (group_id, course_id)
values (933, 13);
insert into university_db."Groups" (group_id, course_id)
values (934, 13);
insert into university_db."Groups" (group_id, course_id)
values (935, 13);
insert into university_db."Groups" (group_id, course_id)
values (936, 13);
insert into university_db."Groups" (group_id, course_id)
values (937, 13);
insert into university_db."Groups" (group_id, course_id)
values (938, 13);
insert into university_db."Groups" (group_id, course_id)
values (939,13);

insert into university_db."Groups" (group_id, course_id)
values (740, 14);
insert into university_db."Groups" (group_id, course_id)
values (741, 14);
insert into university_db."Groups" (group_id, course_id)
values (742, 14);
insert into university_db."Groups" (group_id, course_id)
values (743, 14);
insert into university_db."Groups" (group_id, course_id)
values (744, 14);
insert into university_db."Groups" (group_id, course_id)
values (745, 14);
insert into university_db."Groups" (group_id, course_id)
values (746, 14);
insert into university_db."Groups" (group_id, course_id)
values (747, 14);
insert into university_db."Groups" (group_id, course_id)
values (748, 14);
insert into university_db."Groups" (group_id, course_id)
values (749, 14);

insert into university_db."Groups" (group_id, course_id)
values (840, 15);
insert into university_db."Groups" (group_id, course_id)
values (841, 15);
insert into university_db."Groups" (group_id, course_id)
values (842, 15);
insert into university_db."Groups" (group_id, course_id)
values (843, 15);
insert into university_db."Groups" (group_id, course_id)
values (844, 15);
insert into university_db."Groups" (group_id, course_id)
values (845, 15);
insert into university_db."Groups" (group_id, course_id)
values (846, 15);
insert into university_db."Groups" (group_id, course_id)
values (847, 15);
insert into university_db."Groups" (group_id, course_id)
values (848, 15);
insert into university_db."Groups" (group_id, course_id)
values (849, 15);

insert into university_db."Groups" (group_id, course_id)
values (940, 16);
insert into university_db."Groups" (group_id, course_id)
values (941, 16);
insert into university_db."Groups" (group_id, course_id)
values (942, 16);
insert into university_db."Groups" (group_id, course_id)
values (943, 16);
insert into university_db."Groups" (group_id, course_id)
values (944, 16);
insert into university_db."Groups" (group_id, course_id)
values (945, 16);
insert into university_db."Groups" (group_id, course_id)
values (946, 16);
insert into university_db."Groups" (group_id, course_id)
values (947, 16);
insert into university_db."Groups" (group_id, course_id)
values (948, 16);
insert into university_db."Groups" (group_id, course_id)
values (949, 16);

insert into university_db."Groups" (group_id, course_id)
values (760, 17);
insert into university_db."Groups" (group_id, course_id)
values (761, 17);
insert into university_db."Groups" (group_id, course_id)
values (762, 17);
insert into university_db."Groups" (group_id, course_id)
values (763, 17);
insert into university_db."Groups" (group_id, course_id)
values (764, 17);
insert into university_db."Groups" (group_id, course_id)
values (765, 17);
insert into university_db."Groups" (group_id, course_id)
values (766, 17);
insert into university_db."Groups" (group_id, course_id)
values (767, 17);
insert into university_db."Groups" (group_id, course_id)
values (768, 17);
insert into university_db."Groups" (group_id, course_id)
values (769, 17);


INSERT INTO university_db."Dormitories" (dormitory_id, postal_code, street, building) VALUES (1, 141701, 'Первомайская', '34/5 к1');
INSERT INTO university_db."Dormitories" (dormitory_id, postal_code, street, building) VALUES (4, 141701, 'Московское шоссе', '25 к4');
INSERT INTO university_db."Dormitories" (dormitory_id, postal_code, street, building) VALUES (2, 141701, 'Первомайская', '32 к2');
INSERT INTO university_db."Dormitories" (dormitory_id, postal_code, street, building) VALUES (3, 141701, 'Первомайская', '30 к3');
INSERT INTO university_db."Dormitories" (dormitory_id, postal_code, street, building) VALUES (6, 141701, 'Московское шоссе', '21 к6');
INSERT INTO university_db."Dormitories" (dormitory_id, postal_code, street, building) VALUES (7, 141701, 'Первомайская', '30 к7');
INSERT INTO university_db."Dormitories" (dormitory_id, postal_code, street, building) VALUES (8, 141701, 'Первомайская', '30 к8');
INSERT INTO university_db."Dormitories" (dormitory_id, postal_code, street, building) VALUES (9, 141701, 'Первомайская', '28а');
INSERT INTO university_db."Dormitories" (dormitory_id, postal_code, street, building) VALUES (10, 141701, 'Первомайская', '32 к4');
INSERT INTO university_db."Dormitories" (dormitory_id, postal_code, street, building) VALUES (11, 141701, 'Первомайская', '32 к3');
INSERT INTO university_db."Dormitories" (dormitory_id, postal_code, street, building) VALUES (12, 141701, 'Институтский переулок', '6а');


insert into university_db."Teachers" (teacher_id, name, surname, dormitory_id, email, department_name)
values (1, 'Григорий', 'Иванов', null, 'grivanov@mipt.ru', 'Кафедра высшей математики');
insert into university_db."Teachers" (teacher_id, name, surname, dormitory_id, email, department_name)
values (2, 'Назар', 'Агаханов', null, 'nagahanov@mipt.ru', 'Кафедра высшей математики');
insert into university_db."Teachers" (teacher_id, name, surname, dormitory_id, email, department_name)
values (3, 'Андроник', 'Арутюнов', null, 'aarutynov@mipt.ru', 'Кафедра высшей математики');
insert into university_db."Teachers" (teacher_id, name, surname, dormitory_id, email, department_name)
values (4, 'Дмитрий', 'Беклемишев', null, 'evil_1@mipt.ru', 'Кафедра высшей математики');
insert into university_db."Teachers" (teacher_id, name, surname, dormitory_id, email, department_name)
values (5, 'Илья', 'Богданов', null, 'ibogdanov@mipt.ru', 'Кафедра высшей математики');
insert into university_db."Teachers" (teacher_id, name, surname, dormitory_id, email, department_name)
values (6, 'Светлана', 'Иванова', null, 'evil_2@mipt.ru', 'Кафедра высшей математики');
insert into university_db."Teachers" (teacher_id, name, surname, dormitory_id, email, department_name)
values (7, 'Вадим', 'Редкозубов', null, 'strawberry@mipt.ru', 'Кафедра высшей математики');
insert into university_db."Teachers" (teacher_id, name, surname, dormitory_id, email, department_name)
values (8, 'Расим', 'Зухба', null, 'rzuhba@mipt.ru', 'Кафедра высшей математики');
insert into university_db."Teachers" (teacher_id, name, surname, dormitory_id, email, department_name)
values (9, 'Павел', 'Кожевников', null, 'pkozhevnikov@mipt.ru', 'Кафедра высшей математики');
insert into university_db."Teachers" (teacher_id, name, surname, dormitory_id, email, department_name)
values (10, 'Станислав', 'Николаенко', null, 'snikolaenko@mipt.ru', 'Кафедра высшей математики');

insert into university_db."Teachers" (teacher_id, name, surname, dormitory_id, email, department_name)
values (11, 'Юрий', 'Аланакян', null, 'yalanakyan@mipt.ru', 'Кафедра общей физики');
insert into university_db."Teachers" (teacher_id, name, surname, dormitory_id, email, department_name)
values (12, 'Имран', 'Алескеров', null, 'ialeskerov@mipt.ru', 'Кафедра общей физики');
insert into university_db."Teachers" (teacher_id, name, surname, dormitory_id, email, department_name)
values (13, 'Андрей', 'Гавриков', null, 'agavrikov@mipt.ru', 'Кафедра общей физики');
insert into university_db."Teachers" (teacher_id, name, surname, dormitory_id, email, department_name)
values (14, 'Леонид', 'Колдунов', null, 'lkoldunov@mipt.ru', 'Кафедра общей физики');
insert into university_db."Teachers" (teacher_id, name, surname, dormitory_id, email, department_name)
values (15, 'Вячеслав', 'Певгов', null, 'vpevgov@mipt.ru', 'Кафедра общей физики');
insert into university_db."Teachers" (teacher_id, name, surname, dormitory_id, email, department_name)
values (16, 'Вадим', 'Жотиков', null, 'vzhotikov@mipt.ru', 'Кафедра общей физики');
insert into university_db."Teachers" (teacher_id, name, surname, dormitory_id, email, department_name)
values (17, 'Владимир', 'Вановский', null, 'evil3@mipt.ru', 'Кафедра общей физики');
insert into university_db."Teachers" (teacher_id, name, surname, dormitory_id, email, department_name)
values (18, 'Алексей', 'Гуденко', null, 'agudenko@mipt.ru', 'Кафедра общей физики');

insert into university_db."Teachers" (teacher_id, name, surname, dormitory_id, email, department_name)
values (19, 'Эмиль', 'Ахмедов', null, 'builder@mipt.ru', 'Кафедра теоретической физики');
insert into university_db."Teachers" (teacher_id, name, surname, dormitory_id, email, department_name)
values (20, 'Артем', 'Гец', null, 'agetz@mipt.ru', 'Кафедра теоретической физики');
insert into university_db."Teachers" (teacher_id, name, surname, dormitory_id, email, department_name)
values (21, 'Сергей', 'Вагнер', null, 'svagner@mipt.ru', 'Кафедра теоретической физики');
insert into university_db."Teachers" (teacher_id, name, surname, dormitory_id, email, department_name)
values (22, 'Семен', 'Герштейн', null, 'sgershtein@mipt.ru', 'Кафедра теоретической физики');
insert into university_db."Teachers" (teacher_id, name, surname, dormitory_id, email, department_name)
values (23, 'Александр', 'Дорофеенко', null, 'adorofeenko@mipt.ru', 'Кафедра теоретической физики');
insert into university_db."Teachers" (teacher_id, name, surname, dormitory_id, email, department_name)
values (24, 'Дмитрий', 'Осипов', null, 'dosipov@mipt.ru', 'Кафедра теоретической физики');
insert into university_db."Teachers" (teacher_id, name, surname, dormitory_id, email, department_name)
values (25, 'Елена', 'Нохрина', null, 'enohrina@mipt.ru', 'Кафедра теоретической физики');

insert into university_db."Teachers" (teacher_id, name, surname, dormitory_id, email, department_name)
values (26, 'Виктор', 'Яковлев', null, 'evil4@mipt.ru', 'Кафедра алгоритмов и технологий программирования');
insert into university_db."Teachers" (teacher_id, name, surname, dormitory_id, email, department_name)
values (27, 'Роман', 'Липовский', null, 'rlipovskiy@mipt.ru', 'Кафедра алгоритмов и технологий программирования');
insert into university_db."Teachers" (teacher_id, name, surname, dormitory_id, email, department_name)
values (28, 'Дмитрий', 'Подлесных', null, 'dpodlesnih@mipt.ru', 'Кафедра алгоритмов и технологий программирования');
insert into university_db."Teachers" (teacher_id, name, surname, dormitory_id, email, department_name)
values (29, 'Анастасия', 'Зухба', null, 'azuhba@mipt.ru', 'Кафедра алгоритмов и технологий программирования');
insert into university_db."Teachers" (teacher_id, name, surname, dormitory_id, email, department_name)
values (30, 'Алексей', 'Сальников', null, 'asalnikov@mipt.ru', 'Кафедра алгоритмов и технологий программирования');

insert into university_db."Teachers" (teacher_id, name, surname, dormitory_id, email, department_name)
values (31, 'Андрей', 'Райгородский', null, 'god@mipt.ru', 'Кафедра дискретной математики');
insert into university_db."Teachers" (teacher_id, name, surname, dormitory_id, email, department_name)
values (32, 'Иван', 'Эрлих', null, 'ierlih@mipt.ru', 'Кафедра дискретной математики');
insert into university_db."Teachers" (teacher_id, name, surname, dormitory_id, email, department_name)
values (33, 'Алексей', 'Волостнов', null, 'avolostnov@mipt.ru', 'Кафедра дискретной математики');
insert into university_db."Teachers" (teacher_id, name, surname, dormitory_id, email, department_name)
values (34, 'Игорь', 'Родионов', null, 'rodya@mipt.ru', 'Кафедра дискретной математики');
insert into university_db."Teachers" (teacher_id, name, surname, dormitory_id, email, department_name)
values (35, 'Сергей', 'Лещенко', null, 'notlion@mipt.ru', 'Кафедра дискретной математики');
insert into university_db."Teachers" (teacher_id, name, surname, dormitory_id, email, department_name)
values (36, 'Никита', 'Волков', null, 'volk@mipt.ru', 'Кафедра дискретной математики');


insert into university_db."Students" (student_id, name, surname, home_city, group_id, dormitory_id, email)
values (1, 'Олег', 'Долгов', 'Омск', 720, 6, 'odolgov@phystech.edu');
insert into university_db."Students" (student_id, name, surname, home_city, group_id, dormitory_id, email)
values (2, 'Егор', 'Ким', 'Москва', 720, null, 'ekim@phystech.edu');
insert into university_db."Students" (student_id, name, surname, home_city, group_id, dormitory_id, email)
values (3, 'Саша', 'Ли', 'Москва', 720, 9, 'sli@phystech.edu');
insert into university_db."Students" (student_id, name, surname, home_city, group_id, dormitory_id, email)
values (4, 'Ян', 'Серов', 'Бийск', 720, 9, 'yaserov@phystech.edu');
insert into university_db."Students" (student_id, name, surname, home_city, group_id, dormitory_id, email)
values (5, 'Оля', 'Иванова', 'Киев', 720, 12, 'oivanova@phystech.edu');

insert into university_db."Students" (student_id, name, surname, home_city, group_id, dormitory_id, email)
values (6, 'Юля', 'Белова', 'Томск', 725, 12, 'ybelova@phystech.edu');
insert into university_db."Students" (student_id, name, surname, home_city, group_id, dormitory_id, email)
values (7, 'Андрей', 'Селов', 'Москва', 725, null, 'aselov@phystech.edu');
insert into university_db."Students" (student_id, name, surname, home_city, group_id, dormitory_id, email)
values (8, 'Артур', 'Дюпин', 'Троицк', 725, 11, 'adypin@phystech.edu');
insert into university_db."Students" (student_id, name, surname, home_city, group_id, dormitory_id, email)
values (9, 'Артур', 'Магазеев', 'Санкт-Петербург', 725, 9, 'amagazeev@phystech.edu');
insert into university_db."Students" (student_id, name, surname, home_city, group_id, dormitory_id, email)
values (10, 'Сергей', 'Носов', 'Екатеринбург', 725, 6, 'snosov@phystech.edu');

insert into university_db."Students" (student_id, name, surname, home_city, group_id, dormitory_id, email)
values (11, 'Павел', 'Белоусов', 'Новосибирск', 822, 6, 'pbelousov@phystech.edu');
insert into university_db."Students" (student_id, name, surname, home_city, group_id, dormitory_id, email)
values (12, 'Кюннэй', 'Гатапова', 'Омск', 822, 9, 'kgatapova@phystech.edu');
insert into university_db."Students" (student_id, name, surname, home_city, group_id, dormitory_id, email)
values (13, 'Алексей', 'Наянзин', 'Екатеринбург', 822, 6, 'anayanzin@phystech.edu');
insert into university_db."Students" (student_id, name, surname, home_city, group_id, dormitory_id, email)
values (14, 'Данил', 'Черемухин', 'Москва', 822, null, 'dcheryomukhin@phystech.edu');
insert into university_db."Students" (student_id, name, surname, home_city, group_id, dormitory_id, email)
values (15, 'Яна', 'Заваризна', 'Воронеж', 822, 9, 'yazavarzina@phystech.edu');

insert into university_db."Students" (student_id, name, surname, home_city, group_id, dormitory_id, email)
values (16, 'Семен', 'Предеха', 'Саратов', 923, 6, 'spredeha@phystech.edu');
insert into university_db."Students" (student_id, name, surname, home_city, group_id, dormitory_id, email)
values (17, 'Дмитрий', 'Петкау', 'Москва', 923, 6, 'dpetkau@phystech.edu');
insert into university_db."Students" (student_id, name, surname, home_city, group_id, dormitory_id, email)
values (18, 'Алексей', 'Воробьев', 'Москва', 923, 6, 'avorobyev@phystech.edu');
insert into university_db."Students" (student_id, name, surname, home_city, group_id, dormitory_id, email)
values (19, 'Ксения', 'Долгополова', 'Москва', 923, 6, 'kdolgopolova@phystech.edu');
insert into university_db."Students" (student_id, name, surname, home_city, group_id, dormitory_id, email)
values (20, 'Екатерина', 'Ненашева', 'Омск', 923, 6, 'knenasheva@phystech.edu');

insert into university_db."Students" (student_id, name, surname, home_city, group_id, dormitory_id, email)
values (21, 'Данил', 'Петров', 'Тюмень', 711, 12, 'dpetrov@phystech.edu');
insert into university_db."Students" (student_id, name, surname, home_city, group_id, dormitory_id, email)
values (22, 'Дарья', 'Фролова', 'Москва', 711, 12, 'dfrolova@phystech.edu');
insert into university_db."Students" (student_id, name, surname, home_city, group_id, dormitory_id, email)
values (23, 'Илья', 'Муромец', 'Москва', 711, 9, 'imurometz@phystech.edu');
insert into university_db."Students" (student_id, name, surname, home_city, group_id, dormitory_id, email)
values (24, 'Алексей', 'Попович', 'Санкт-Петербург', 711, 2, 'apopovich@phystech.edu');
insert into university_db."Students" (student_id, name, surname, home_city, group_id, dormitory_id, email)
values (25, 'Добрыня', 'Никитич', 'Томск', 711, 12, 'dnikitich@phystech.edu');

insert into university_db."Students" (student_id, name, surname, home_city, group_id, dormitory_id, email)
values (26, 'Александр', 'Максименко', 'Павлодар', 812, 9, 'maksimenko.ae@phystech.edu');
insert into university_db."Students" (student_id, name, surname, home_city, group_id, dormitory_id, email)
values (27, 'Евгений', 'Астафуров', 'Москва', 812, 9, 'eastafurov@phystech.edu');
insert into university_db."Students" (student_id, name, surname, home_city, group_id, dormitory_id, email)
values (28, 'Александр', 'Яскевич', 'Самара', 812, 12, 'ayaskevich@phystech.edu');
insert into university_db."Students" (student_id, name, surname, home_city, group_id, dormitory_id, email)
values (29, 'Бахтияр', 'Айгожиев', 'Алматы', 812, 9, 'baygozhiev@phystech.edu');
insert into university_db."Students" (student_id, name, surname, home_city, group_id, dormitory_id, email)
values (30, 'Эдуард', 'Аллахвердов', 'Мытищи', 812, 12, 'edik@phystech.edu');

insert into university_db."Students" (student_id, name, surname, home_city, group_id, dormitory_id, email)
values (31, 'Давид', 'Ли', 'Алматы', 917, 2, 'dli@phystech.edu');
insert into university_db."Students" (student_id, name, surname, home_city, group_id, dormitory_id, email)
values (32, 'Светлана', 'Яшина', 'Москва', 917, 2, 'syashina@phystech.edu');
insert into university_db."Students" (student_id, name, surname, home_city, group_id, dormitory_id, email)
values (33, 'Кирилл', 'Семенов', 'Москва', 917, null, 'ksemenov@phystech.edu');
insert into university_db."Students" (student_id, name, surname, home_city, group_id, dormitory_id, email)
values (34, 'Эдуард', 'Нолин', 'Долгопрудный', 917, null, 'enolin@phystech.edu');
insert into university_db."Students" (student_id, name, surname, home_city, group_id, dormitory_id, email)
values (35, 'Егор', 'Останин', 'Самара', 917, 2, 'eostanin@phystech.edu');

insert into university_db."Students" (student_id, name, surname, home_city, group_id, dormitory_id, email)
values (36, 'Давид', 'Костров', 'Саратов', 778, 12, 'dkostrov@phystech.edu');
insert into university_db."Students" (student_id, name, surname, home_city, group_id, dormitory_id, email)
values (37, 'Ольга', 'Мосина', 'Сочи', 778, 12, 'omosina@phystech.edu');
insert into university_db."Students" (student_id, name, surname, home_city, group_id, dormitory_id, email)
values (38, 'Ринат', 'Кадыров', 'Москва', 778, 9, 'rkadyrov@phystech.edu');
insert into university_db."Students" (student_id, name, surname, home_city, group_id, dormitory_id, email)
values (39, 'Владимир', 'Воронин', 'Долгопрудный', 778, null, 'vvoronin@phystech.edu');
insert into university_db."Students" (student_id, name, surname, home_city, group_id, dormitory_id, email)
values (40, 'Семен', 'Слепаков', 'Москва', 778, 7, 'sslepakov@phystech.edu');

insert into university_db."Students" (student_id, name, surname, home_city, group_id, dormitory_id, email)
values (41, 'Нурлан', 'Сабуров', 'Степногорск', 871, 9, 'nsaburov@phystech.edu');
insert into university_db."Students" (student_id, name, surname, home_city, group_id, dormitory_id, email)
values (42, 'Лионель', 'Мессин', 'Москва', 871, 12, 'lmessin@phystech.edu');
insert into university_db."Students" (student_id, name, surname, home_city, group_id, dormitory_id, email)
values (43, 'Кристина', 'Рональдова', 'Рубцовск', 871, 9, 'kr77@phystech.edu');
insert into university_db."Students" (student_id, name, surname, home_city, group_id, dormitory_id, email)
values (44, 'Вероника', 'Степанова', 'Москва', 871, 7, 'vstepanova@phystech.edu');
insert into university_db."Students" (student_id, name, surname, home_city, group_id, dormitory_id, email)
values (45, 'Андрей', 'Аршавинов', 'Санкт-Петербург', 871, 7, 'aarshavinov@phystech.edu');

insert into university_db."Students" (student_id, name, surname, home_city, group_id, dormitory_id, email)
values (46, 'Алибек', 'Алибеков', 'Астана', 979, 7, 'aalibekov@phystech.edu');
insert into university_db."Students" (student_id, name, surname, home_city, group_id, dormitory_id, email)
values (47, 'Ирина', 'Кайратовна', 'Алматы', 979, 7, 'ik@phystech.edu');
insert into university_db."Students" (student_id, name, surname, home_city, group_id, dormitory_id, email)
values (48, 'Александр', 'Усик', 'Крым', 979, 7, 'ausik@phystech.edu');
insert into university_db."Students" (student_id, name, surname, home_city, group_id, dormitory_id, email)
values (49, 'Степан', 'Мостовой', 'Москва', 979, null, 'smostovoy@phystech.edu');
insert into university_db."Students" (student_id, name, surname, home_city, group_id, dormitory_id, email)
values (50, 'Андрей', 'Могдалов', 'Долгопрудный', 979, null, 'amogdalov@phystech.edu');

insert into university_db."Students" (student_id, name, surname, home_city, group_id, dormitory_id, email)
values (51, 'Даниил', 'Прокопенко', 'Павлодар', 733, 12, 'dprokopenko@phystech.edu');
insert into university_db."Students" (student_id, name, surname, home_city, group_id, dormitory_id, email)
values (52, 'Антон', 'Казаков', 'Москва', 733, null, 'akazakov@phystech.edu');
insert into university_db."Students" (student_id, name, surname, home_city, group_id, dormitory_id, email)
values (53, 'Сабина', 'Сабинова', 'Барнаул', 733, 9, 'ssabinova@phystech.edu');
insert into university_db."Students" (student_id, name, surname, home_city, group_id, dormitory_id, email)
values (54, 'Александр', 'Друзь', 'Якутск', 733, 1, 'adruz@phystech.edu');
insert into university_db."Students" (student_id, name, surname, home_city, group_id, dormitory_id, email)
values (55, 'Артем', 'Дзюба', 'Талинн', 733, 1, 'adzyba@phystech.edu');

insert into university_db."Students" (student_id, name, surname, home_city, group_id, dormitory_id, email)
values (56, 'Алиса', 'Подземелье', 'Новосибирск', 830, 1, 'apodzem@phystech.edu');
insert into university_db."Students" (student_id, name, surname, home_city, group_id, dormitory_id, email)
values (57, 'Переход', 'Пешеходов', 'Москва', 830, null, 'ppesh@phystech.edu');
insert into university_db."Students" (student_id, name, surname, home_city, group_id, dormitory_id, email)
values (58, 'Денис', 'Дорохов', 'Челябинск', 830, 9, 'ddorohov@phystech.edu');
insert into university_db."Students" (student_id, name, surname, home_city, group_id, dormitory_id, email)
values (59, 'Евгений', 'Плющенко', 'Саранск', 830, 1, 'eplyshenko@phystech.edu');
insert into university_db."Students" (student_id, name, surname, home_city, group_id, dormitory_id, email)
values (60, 'Дмитрий', 'Путин', 'Новосибирск', 830, 1, 'dputin@phystech.edu');

insert into university_db."Students" (student_id, name, surname, home_city, group_id, dormitory_id, email)
values (61, 'Роберт', 'Левандовский', 'Москва', 749, 11, 'leva@phystech.edu');
insert into university_db."Students" (student_id, name, surname, home_city, group_id, dormitory_id, email)
values (62, 'Сергей', 'Семак', 'Тула', 749, 11, 'ssemak@phystech.edu');
insert into university_db."Students" (student_id, name, surname, home_city, group_id, dormitory_id, email)
values (63, 'Алексей', 'Навальный', 'Тверь', 749, 11, 'freenavalny@phystech.edu');
insert into university_db."Students" (student_id, name, surname, home_city, group_id, dormitory_id, email)
values (64, 'Владимир', 'Медведев', 'Нижний Новгород', 749, 11, 'vmedv@phystech.edu');
insert into university_db."Students" (student_id, name, surname, home_city, group_id, dormitory_id, email)
values (65, 'Казах', 'Казахский', 'Алматы', 749, 11, 'kazakh@phystech.edu');

insert into university_db."Students" (student_id, name, surname, home_city, group_id, dormitory_id, email)
values (66, 'Дарья', 'Гречишкина', 'Москва', 941, 11, 'dgrech@phystech.edu');
insert into university_db."Students" (student_id, name, surname, home_city, group_id, dormitory_id, email)
values (67, 'Никита', 'Мыльников', 'Екатеринбург', 941, 11, 'ohota@phystech.edu');
insert into university_db."Students" (student_id, name, surname, home_city, group_id, dormitory_id, email)
values (68, 'Артем', 'Райле', 'Павлодар', 941, 11, 'temych@phystech.edu');
insert into university_db."Students" (student_id, name, surname, home_city, group_id, dormitory_id, email)
values (69, 'Максим', 'Майбер', 'Тагил', 941, 11, 'sofyast@phystech.edu');
insert into university_db."Students" (student_id, name, surname, home_city, group_id, dormitory_id, email)
values (70, 'Украинец', 'Крымский', 'Крым', 941, 11, 'ukraina@phystech.edu');

insert into university_db."Students" (student_id, name, surname, home_city, group_id, dormitory_id, email)
values (71, 'Кирилл', 'Москаль', 'Омск', 768, 8, 'bratan20@phystech.edu');
insert into university_db."Students" (student_id, name, surname, home_city, group_id, dormitory_id, email)
values (72, 'Освальдо', 'Итальянец', 'Москва', 768, null, 'ukraina@phystech.edu');
insert into university_db."Students" (student_id, name, surname, home_city, group_id, dormitory_id, email)
values (73, 'Владимир', 'Быстров', 'Троицк', 768, 12, 'bystrov@phystech.edu');
insert into university_db."Students" (student_id, name, surname, home_city, group_id, dormitory_id, email)
values (74, 'Ольга', 'Смородская', 'Тула', 768, 9, 'lokomotiv@phystech.edu');
insert into university_db."Students" (student_id, name, surname, home_city, group_id, dormitory_id, email)
values (75, 'Дмитрий', 'Тарасов', 'Москва', 768, 12, 'tarasov@phystech.edu');


insert into university_db."Lectures" (course_id, discipline_name, teacher_id)
values (2, 'Общая физика: механика', 13);
insert into university_db."Lectures" (course_id, discipline_name, teacher_id)
values (2, 'Многомерный анализ, интегралы и ряды', 3);
insert into university_db."Lectures" (course_id, discipline_name, teacher_id)
values (2, 'Аналитическая геометрия', 5);
insert into university_db."Lectures" (course_id, discipline_name, teacher_id)
values (2, 'Квантовая механика', 22);
insert into university_db."Lectures" (course_id, discipline_name, teacher_id)
values (2, 'Теория поля', 20);

insert into university_db."Lectures" (course_id, discipline_name, teacher_id)
values (3, 'Общая физика: термодинамика и молекулярная физика', 14);
insert into university_db."Lectures" (course_id, discipline_name, teacher_id)
values (3, 'Многомерный анализ, интегралы и ряды', 1);
insert into university_db."Lectures" (course_id, discipline_name, teacher_id)
values (3, 'Аналитическая геометрия', 9);
insert into university_db."Lectures" (course_id, discipline_name, teacher_id)
values (3, 'Линейная алгебра', 9);
insert into university_db."Lectures" (course_id, discipline_name, teacher_id)
values (3, 'Квантовая механика', 19);
insert into university_db."Lectures" (course_id, discipline_name, teacher_id)
values (3, 'Теория поля', 19);

insert into university_db."Lectures" (course_id, discipline_name, teacher_id)
values (4, 'Общая физика: оптика', 11);
insert into university_db."Lectures" (course_id, discipline_name, teacher_id)
values (4, 'Гармонический анализ', 2);
insert into university_db."Lectures" (course_id, discipline_name, teacher_id)
values (4, 'Аналитическая геометрия', 4);
insert into university_db."Lectures" (course_id, discipline_name, teacher_id)
values (4, 'Линейная алгебра', 4);
insert into university_db."Lectures" (course_id, discipline_name, teacher_id)
values (4, 'Аналитическая механика', 25);
insert into university_db."Lectures" (course_id, discipline_name, teacher_id)
values (4, 'Теория поля', 24);

insert into university_db."Lectures" (course_id, discipline_name, teacher_id)
values (5, 'Гармонический анализ', 7);
insert into university_db."Lectures" (course_id, discipline_name, teacher_id)
values (5, 'Дифференциальные уравнения', 6);
insert into university_db."Lectures" (course_id, discipline_name, teacher_id)
values (5, 'Аналитическая геометрия', 5);
insert into university_db."Lectures" (course_id, discipline_name, teacher_id)
values (5, 'Кратные интегралы и теория поля', 7);
insert into university_db."Lectures" (course_id, discipline_name, teacher_id)
values (5, 'Аналитическая механика', 21);
insert into university_db."Lectures" (course_id, discipline_name, teacher_id)
values (5, 'Математическая статистика', 34);
insert into university_db."Lectures" (course_id, discipline_name, teacher_id)
values (5, 'Алгоритмы и структуры данных', 29);

insert into university_db."Lectures" (course_id, discipline_name, teacher_id)
values (6, 'Гармонический анализ', 8);
insert into university_db."Lectures" (course_id, discipline_name, teacher_id)
values (6, 'Дифференциальные уравнения', 5);
insert into university_db."Lectures" (course_id, discipline_name, teacher_id)
values (6, 'Основы вероятности и теория меры', 32);
insert into university_db."Lectures" (course_id, discipline_name, teacher_id)
values (6, 'Кратные интегралы и теория поля', 7);
insert into university_db."Lectures" (course_id, discipline_name, teacher_id)
values (6, 'Архитектура компьютеров и операционные системы ', 26);
insert into university_db."Lectures" (course_id, discipline_name, teacher_id)
values (6, 'Математическая статистика', 34);
insert into university_db."Lectures" (course_id, discipline_name, teacher_id)
values (6, 'Алгоритмы и структуры данных', 27);

insert into university_db."Lectures" (course_id, discipline_name, teacher_id)
values (9, 'Гармонический анализ', 8);
insert into university_db."Lectures" (course_id, discipline_name, teacher_id)
values (9, 'Дифференциальные уравнения', 2);
insert into university_db."Lectures" (course_id, discipline_name, teacher_id)
values (9, 'Теория функций комплексного переменного', 8);
insert into university_db."Lectures" (course_id, discipline_name, teacher_id)
values (9, 'Кратные интегралы и теория поля', 8);
insert into university_db."Lectures" (course_id, discipline_name, teacher_id)
values (9, 'Архитектура компьютеров и операционные системы ', 30);
insert into university_db."Lectures" (course_id, discipline_name, teacher_id)
values (9, 'Аналитическая механика', 24);
insert into university_db."Lectures" (course_id, discipline_name, teacher_id)
values (9, 'Теория поля', 25);

insert into university_db."Lectures" (course_id, discipline_name, teacher_id)
values (12, 'Гармонический анализ', 8);
insert into university_db."Lectures" (course_id, discipline_name, teacher_id)
values (12, 'Дифференциальные уравнения', 2);
insert into university_db."Lectures" (course_id, discipline_name, teacher_id)
values (12, 'Теория функций комплексного переменного', 8);
insert into university_db."Lectures" (course_id, discipline_name, teacher_id)
values (12, 'Кратные интегралы и теория поля', 8);
insert into university_db."Lectures" (course_id, discipline_name, teacher_id)
values (12, 'Архитектура компьютеров и операционные системы ', 30);
insert into university_db."Lectures" (course_id, discipline_name, teacher_id)
values (12, 'Аналитическая механика', 24);
insert into university_db."Lectures" (course_id, discipline_name, teacher_id)
values (12, 'Теория поля', 25);

insert into university_db."Lectures" (course_id, discipline_name, teacher_id)
values (15, 'Общая физика: механика', 15);
insert into university_db."Lectures" (course_id, discipline_name, teacher_id)
values (15, 'Общая физика: термодинамика и молекулярная физика', 15);
insert into university_db."Lectures" (course_id, discipline_name, teacher_id)
values (15, 'Теория функций комплексного переменного', 2);
insert into university_db."Lectures" (course_id, discipline_name, teacher_id)
values (15, 'Кратные интегралы и теория поля', 2);
insert into university_db."Lectures" (course_id, discipline_name, teacher_id)
values (15, 'Квантовая механика', 21);
insert into university_db."Lectures" (course_id, discipline_name, teacher_id)
values (15, 'Аналитическая механика', 24);
insert into university_db."Lectures" (course_id, discipline_name, teacher_id)
values (15, 'Теория поля', 23);

insert into university_db."Lectures" (course_id, discipline_name, teacher_id)
values (18, 'Общая физика: квантовая микрофизика', 11);
insert into university_db."Lectures" (course_id, discipline_name, teacher_id)
values (18, 'Общая физика: оптика', 11);
insert into university_db."Lectures" (course_id, discipline_name, teacher_id)
values (18, 'Введение в математический анализ', 7);
insert into university_db."Lectures" (course_id, discipline_name, teacher_id)
values (18, 'Многомерный анализ, интегралы и ряды', 7);
insert into university_db."Lectures" (course_id, discipline_name, teacher_id)
values (18, 'Теория вероятностей', 34);
insert into university_db."Lectures" (course_id, discipline_name, teacher_id)
values (18, 'Аналитическая механика', 19);
insert into university_db."Lectures" (course_id, discipline_name, teacher_id)
values (18, 'Теория поля', 20);

insert into university_db."Lectures" (course_id, discipline_name, teacher_id)
values (21, 'Общая физика: квантовая микрофизика', 13);
insert into university_db."Lectures" (course_id, discipline_name, teacher_id)
values (21, 'Дифференциальные уравнения', 2);
insert into university_db."Lectures" (course_id, discipline_name, teacher_id)
values (21, 'Аналитическая геометрия', 2);
insert into university_db."Lectures" (course_id, discipline_name, teacher_id)
values (21, 'Кратные интегралы и теория поля', 2);
insert into university_db."Lectures" (course_id, discipline_name, teacher_id)
values (21, 'Теория функций комплексного переменного', 5);
insert into university_db."Lectures" (course_id, discipline_name, teacher_id)
values (21, 'Аналитическая механика', 23);
insert into university_db."Lectures" (course_id, discipline_name, teacher_id)
values (21, 'Теория поля', 20);


insert into university_db."Seminars" (group_id, discipline_name, teacher_id)
values (720, 'Общая физика: механика', 12);
insert into university_db."Seminars" (group_id, discipline_name, teacher_id)
values (720, 'Многомерный анализ, интегралы и ряды', 8);
insert into university_db."Seminars" (group_id, discipline_name, teacher_id)
values (720, 'Аналитическая геометрия', 9);
insert into university_db."Seminars" (group_id, discipline_name, teacher_id)
values (720, 'Квантовая механика', 20);
insert into university_db."Seminars" (group_id, discipline_name, teacher_id)
values (720, 'Теория поля', 20);

insert into university_db."Seminars" (group_id, discipline_name, teacher_id)
values (725, 'Общая физика: механика', 13);
insert into university_db."Seminars" (group_id, discipline_name, teacher_id)
values (725, 'Многомерный анализ, интегралы и ряды', 3);
insert into university_db."Seminars" (group_id, discipline_name, teacher_id)
values (725, 'Аналитическая геометрия', 5);
insert into university_db."Seminars" (group_id, discipline_name, teacher_id)
values (725, 'Квантовая механика', 22);
insert into university_db."Seminars" (group_id, discipline_name, teacher_id)
values (725, 'Теория поля', 19);

insert into university_db."Seminars" (group_id, discipline_name, teacher_id)
values (822, 'Общая физика: термодинамика и молекулярная физика', 16);
insert into university_db."Seminars" (group_id, discipline_name, teacher_id)
values (822, 'Многомерный анализ, интегралы и ряды', 10);
insert into university_db."Seminars" (group_id, discipline_name, teacher_id)
values (822, 'Аналитическая геометрия', 9);
insert into university_db."Seminars" (group_id, discipline_name, teacher_id)
values (822, 'Линейная алгебра', 9);
insert into university_db."Seminars" (group_id, discipline_name, teacher_id)
values (822, 'Квантовая механика', 19);
insert into university_db."Seminars" (group_id, discipline_name, teacher_id)
values (822, 'Теория поля', 20);

insert into university_db."Seminars" (group_id, discipline_name, teacher_id)
values (923, 'Общая физика: оптика', 11);
insert into university_db."Seminars" (group_id, discipline_name, teacher_id)
values (923, 'Гармонический анализ', 10);
insert into university_db."Seminars" (group_id, discipline_name, teacher_id)
values (923, 'Аналитическая геометрия', 5);
insert into university_db."Seminars" (group_id, discipline_name, teacher_id)
values (923, 'Линейная алгебра', 5);
insert into university_db."Seminars" (group_id, discipline_name, teacher_id)
values (923, 'Аналитическая механика', 21);
insert into university_db."Seminars" (group_id, discipline_name, teacher_id)
values (923, 'Теория поля', 22);

insert into university_db."Seminars" (group_id, discipline_name, teacher_id)
values (711, 'Гармонический анализ', 1);
insert into university_db."Seminars" (group_id, discipline_name, teacher_id)
values (711, 'Дифференциальные уравнения', 4);
insert into university_db."Seminars" (group_id, discipline_name, teacher_id)
values (711, 'Основы вероятности и теория меры', 35);
insert into university_db."Seminars" (group_id, discipline_name, teacher_id)
values (711, 'Кратные интегралы и теория поля', 1);
insert into university_db."Seminars" (group_id, discipline_name, teacher_id)
values (711, 'Архитектура компьютеров и операционные системы ', 28);
insert into university_db."Seminars" (group_id, discipline_name, teacher_id)
values (711, 'Математическая статистика', 33);
insert into university_db."Seminars" (group_id, discipline_name, teacher_id)
values (711, 'Алгоритмы и структуры данных', 27);
insert into university_db."Seminars" (group_id, discipline_name, teacher_id)
values (711, 'Машинное обучение', 36);

insert into university_db."Seminars" (group_id, discipline_name, teacher_id)
values (812, 'Гармонический анализ', 7);
insert into university_db."Seminars" (group_id, discipline_name, teacher_id)
values (812, 'Дифференциальные уравнения', 7);
insert into university_db."Seminars" (group_id, discipline_name, teacher_id)
values (812, 'Основы вероятности и теория меры', 35);
insert into university_db."Seminars" (group_id, discipline_name, teacher_id)
values (812, 'Кратные интегралы и теория поля', 7);
insert into university_db."Seminars" (group_id, discipline_name, teacher_id)
values (812, 'Архитектура компьютеров и операционные системы ', 26);
insert into university_db."Seminars" (group_id, discipline_name, teacher_id)
values (812, 'Математическая статистика', 33);
insert into university_db."Seminars" (group_id, discipline_name, teacher_id)
values (812, 'Алгоритмы и структуры данных', 29);
insert into university_db."Seminars" (group_id, discipline_name, teacher_id)
values (812, 'Машинное обучение', 36);

insert into university_db."Seminars" (group_id, discipline_name, teacher_id)
values (871, 'Гармонический анализ', 7);
insert into university_db."Seminars" (group_id, discipline_name, teacher_id)
values (871, 'Дифференциальные уравнения', 2);
insert into university_db."Seminars" (group_id, discipline_name, teacher_id)
values (871, 'Теория функций комплексного переменного', 10);
insert into university_db."Seminars" (group_id, discipline_name, teacher_id)
values (871, 'Кратные интегралы и теория поля', 2);
insert into university_db."Seminars" (group_id, discipline_name, teacher_id)
values (871, 'Архитектура компьютеров и операционные системы ', 28);
insert into university_db."Seminars" (group_id, discipline_name, teacher_id)
values (871, 'Аналитическая механика', 23);
insert into university_db."Seminars" (group_id, discipline_name, teacher_id)
values (871, 'Теория поля', 24);

insert into university_db."Seminars" (group_id, discipline_name, teacher_id)
values (830, 'Гармонический анализ', 3);
insert into university_db."Seminars" (group_id, discipline_name, teacher_id)
values (830, 'Дифференциальные уравнения', 6);
insert into university_db."Seminars" (group_id, discipline_name, teacher_id)
values (830, 'Теория функций комплексного переменного', 5);
insert into university_db."Seminars" (group_id, discipline_name, teacher_id)
values (830, 'Кратные интегралы и теория поля', 3);
insert into university_db."Seminars" (group_id, discipline_name, teacher_id)
values (830, 'Архитектура компьютеров и операционные системы ', 26);
insert into university_db."Seminars" (group_id, discipline_name, teacher_id)
values (830, 'Аналитическая механика', 25);
insert into university_db."Seminars" (group_id, discipline_name, teacher_id)
values (830, 'Теория поля', 22);


delete from university_db."Groups" where group_id=823;
delete from university_db."Groups" where group_id=813;
update university_db."Teachers" set email='evil2@mipt.ru' where surname='Иванова';
update university_db."Students" set surname='Астанинский' where name='Казах';



